size,estimations,,,,,,
333,68720.71429,,,,,,
458,79702.85714,,,,,,
657,97186.42857,,,,,,
543,87170.71429,,,,,,
1287,152536.4286,,,,,,
4329,419797.8571,,,,,,
2309,242326.4286,,,,,,
1859,202790.7143,,,,,,
969,124597.8571,,,,,,
1431,165187.8571,,,,,,
1440,165978.5714,,,,,,
1165,141817.8571,,,,,,
884,117130,,,,,,
619,93847.85714,,,,S,R,
,,,,,15,451,
,,,,,18,234,
,,,,,23,314,
,,,,,25,336,
,,,,,24,308,
,,,,,21,329,
,,,,,15,370,
,,,,,22,322,
,,,,,25,301,
,,,,,,,
,,,,,,,
,,,,,,forecast,300.8406375
